{
  "left": 0.23633,
  "top": 0.23811,
  "width": 0.543,
  "height": 0.42797
}