{
  "left": 0.201171875,
  "top": 0.11797752808988764,
  "width": 0.6337890625,
  "height": 0.5393258426966292
}